<?xml version="1.0" encoding="UTF-8"?>
<!DOCTYPE configuremap [
<!ELEMENT configuremap (configure)+>
<!ELEMENT configure (#PCDATA)>
<!ATTLIST configure name CDATA #REQUIRED>
<!ATTLIST configure value CDATA #REQUIRED>
]>
<configuremap>
  <configure name="NAME" value="ImageMagick"/>
  <configure name="LIB_VERSION" value="0x653"/>
  <configure name="LIB_VERSION_NUMBER" value="6,5,3,10"/>
  <configure name="RELEASE_DATE" value="2009-06-19"/>
  <configure name="CONFIGURE" value="./configure  'CFLAGS=-g'"/>
  <configure name="PREFIX" value="/usr/local"/>
  <configure name="EXEC-PREFIX" value="/usr/local"/>
  <configure name="VERSION" value="6.5.3"/>
  <configure name="CC" value="gcc -std=gnu99"/>
  <configure name="CFLAGS" value="-fopenmp -g -Wall -W -pthread"/>
  <configure name="CPPFLAGS" value="-I/usr/local/include/ImageMagick"/>
  <configure name="PCFLAGS" value="-fopenmp"/>
  <configure name="DEFS" value="-DHAVE_CONFIG_H"/>
  <configure name="LDFLAGS" value="-L/usr/local/lib -lfreetype"/>
  <configure name="LIBS" value="-lMagickCore -llcms -ltiff -lfreetype -ljpeg -lfontconfig -lXext -lSM -lICE -lX11 -lXt -lbz2 -lz -lm -lgomp -lpthread -lltdl"/>
  <configure name="CXX" value="g++"/>
  <configure name="CXXFLAGS" value="-g -O2 -Wall -W -pthread"/>
  <configure name="DISTCHECK_CONFIG_FLAGS" value="'CFLAGS=-g' --disable-deprecated --with-quantum-depth=16 --with-umem=no --with-autotrace=no --with-gslib=no --with-fontpath="/>
  <configure name="HOST" value="x86_64-unknown-linux-gnu"/>
  <configure name="DELEGATES" value="bzlib djvu fontconfig freetype jpeg jng jp2 lcms mpeg png rsvg tiff x11 xml wmf zlib"/>
  <configure name="COPYRIGHT" value="Copyright (C) 1999-2009 ImageMagick Studio LLC"/>
  <configure name="WEBSITE" value="http://www.imagemagick.org"/>
  <configure name="QuantumDepth" value="16"/>
</configuremap>
